"","X","Y","id","longitude","latitude","start_date","end_date","label","linkcolumn","class_name","scene_id","areameters","view_date","julday"
"1",-53.41151061,-6.525220837,1,-53.41151061,-6.525220837,"2014-08-01","2015-07-31","deforestation2014",NA,"",NA,NA,"",NA
"2",-53.44656619,-6.505978403,2,-53.44656619,-6.505978403,"2014-08-01","2015-07-31","deforestation2014",NA,"",NA,NA,"",NA
"3",-53.58145798,-6.106224478,3,-53.58145798,-6.106224478,"2014-08-01","2015-07-31","deforestation2014",NA,"",NA,NA,"",NA
"4",-53.93533631,-6.228306996,4,-53.93533631,-6.228306996,"2014-08-01","2015-07-31","deforestation2014",NA,"",NA,NA,"",NA
"5",-52.80605667,-6.294385762,5,-52.80605667,-6.294385762,"2014-08-01","2015-07-31","deforestation2014",NA,"",NA,NA,"",NA
"6",-53.50995632,-6.171897832,6,-53.50995632,-6.171897832,"2014-08-01","2015-07-31","deforestation2014",NA,"",NA,NA,"",NA
"7",-53.69993258,-6.068552994,7,-53.69993258,-6.068552994,"2014-08-01","2015-07-31","deforestation2014",NA,"",NA,NA,"",NA
"8",-53.69461872,-6.081657804,8,-53.69461872,-6.081657804,"2014-08-01","2015-07-31","deforestation2014",NA,"",NA,NA,"",NA
"9",-52.95670812,-6.353939603,9,-52.95670812,-6.353939603,"2014-08-01","2015-07-31","deforestation2014",NA,"",NA,NA,"",NA
"10",-53.65862176,-6.085899727,10,-53.65862176,-6.085899727,"2014-08-01","2015-07-31","deforestation2014",1565,"ALERTA",1118,1067367.01428307,"2014-08-21",233
"11",-53.67294167,-6.097024651,11,-53.67294167,-6.097024651,"2014-08-01","2015-07-31","deforestation2014",NA,"",NA,NA,"",NA
"12",-53.55381338,-6.19452454,12,-53.55381338,-6.19452454,"2014-08-01","2015-07-31","deforestation2014",NA,"",NA,NA,"",NA
"13",-53.52871727,-6.12750061,13,-53.52871727,-6.12750061,"2014-08-01","2015-07-31","deforestation2014",NA,"",NA,NA,"",NA
"14",-53.68385109,-6.063079002,14,-53.68385109,-6.063079002,"2014-08-01","2015-07-31","deforestation2014",493,"ALERTA",1143,766342.038325191,"2014-09-15",258
"15",-53.53619991,-6.120660266,15,-53.53619991,-6.120660266,"2014-08-01","2015-07-31","deforestation2014",NA,"",NA,NA,"",NA
"16",-53.69449156,-6.077091585,16,-53.69449156,-6.077091585,"2014-08-01","2015-07-31","deforestation2014",NA,"",NA,NA,"",NA
"17",-53.71411522,-6.097165784,17,-53.71411522,-6.097165784,"2014-08-01","2015-07-31","deforestation2014",NA,"",NA,NA,"",NA
"18",-53.52205725,-6.146996976,18,-53.52205725,-6.146996976,"2014-08-01","2015-07-31","deforestation2014",NA,"",NA,NA,"",NA
"19",-53.671267,-6.0611652,19,-53.671267,-6.0611652,"2014-08-01","2015-07-31","deforestation2014",526,"ALERTA",1052,3929286.63395023,"2014-06-16",167
"20",-52.96393844,-6.270137137,20,-52.96393844,-6.270137137,"2014-08-01","2015-07-31","deforestation2014",931,"ALERTA",1093,366730.416043103,"2014-07-27",208
"21",-53.68086707,-6.020969252,21,-53.68086707,-6.020969252,"2014-08-01","2015-07-31","deforestation2014",519,"ALERTA",1102,500364.560800002,"2014-08-05",217
"22",-53.7210591,-6.015912138,22,-53.7210591,-6.015912138,"2014-08-01","2015-07-31","deforestation2014",295,"ALERTA",1049,1008303.94300445,"2014-06-13",164
"23",-53.54274234,-6.126880565,23,-53.54274234,-6.126880565,"2014-08-01","2015-07-31","deforestation2014",1562,"ALERTA",1118,496132.864146861,"2014-08-21",233
"24",-53.69163516,-6.137500348,24,-53.69163516,-6.137500348,"2014-08-01","2015-07-31","deforestation2014",125,"ALERTA",1047,467590.478330769,"2014-06-11",162
"25",-53.70573293,-6.140339953,25,-53.70573293,-6.140339953,"2014-08-01","2015-07-31","deforestation2014",803,"ALERTA",1111,523656.905193586,"2014-08-14",226
"26",-53.537088,-6.202705796,26,-53.537088,-6.202705796,"2014-08-01","2015-07-31","deforestation2014",1580,"ALERTA",1118,400137.420193061,"2014-08-21",233
"27",-52.9535598,-6.262990703,27,-52.9535598,-6.262990703,"2014-08-01","2015-07-31","deforestation2014",NA,"",NA,NA,"",NA
"28",-52.9114507,-6.186257735,28,-52.9114507,-6.186257735,"2014-08-01","2015-07-31","deforestation2014",NA,"",NA,NA,"",NA
"29",-53.12809762,-6.235809748,29,-53.12809762,-6.235809748,"2014-08-01","2015-07-31","deforestation2014",NA,"",NA,NA,"",NA
"30",-53.36114428,-6.138735761,30,-53.36114428,-6.138735761,"2014-08-01","2015-07-31","deforestation2014",NA,"",NA,NA,"",NA
"31",-53.42137859,-6.20964924,31,-53.42137859,-6.20964924,"2014-08-01","2015-07-31","deforestation2014",1578,"ALERTA",1118,437042.216060439,"2014-08-21",233
"32",-53.2715842,-6.202929574,32,-53.2715842,-6.202929574,"2014-08-01","2015-07-31","deforestation2014",NA,"",NA,NA,"",NA
"33",-53.917382,-6.240733523,33,-53.917382,-6.240733523,"2014-08-01","2015-07-31","deforestation2014",NA,"",NA,NA,"",NA
"34",-53.92078346,-6.188712803,34,-53.92078346,-6.188712803,"2014-08-01","2015-07-31","deforestation2014",495,"ALERTA",1143,438073.631155446,"2014-09-15",258
"35",-53.49768086,-6.149981524,35,-53.49768086,-6.149981524,"2014-08-01","2015-07-31","deforestation2014",NA,"",NA,NA,"",NA
"36",-53.39040322,-6.188510581,36,-53.39040322,-6.188510581,"2014-08-01","2015-07-31","deforestation2014",NA,"",NA,NA,"",NA
"37",-53.38994912,-6.099192356,37,-53.38994912,-6.099192356,"2014-08-01","2015-07-31","deforestation2014",NA,"",NA,NA,"",NA
"38",-53.49038884,-6.145489507,38,-53.49038884,-6.145489507,"2014-08-01","2015-07-31","deforestation2014",NA,"",NA,NA,"",NA
"39",-53.2553316,-6.099025834,39,-53.2553316,-6.099025834,"2014-08-01","2015-07-31","deforestation2014",248,"ALERTA",1136,353584.386525847,"2014-09-08",251
"40",-53.4839481,-6.161631032,40,-53.4839481,-6.161631032,"2014-08-01","2015-07-31","deforestation2014",NA,"",NA,NA,"",NA
"41",-53.78388546,-6.130346804,41,-53.78388546,-6.130346804,"2014-08-01","2015-07-31","deforestation2014",127,"ALERTA",1047,675037.942074153,"2014-06-11",162
"42",-53.30309433,-6.069632453,42,-53.30309433,-6.069632453,"2014-08-01","2015-07-31","deforestation2014",309,"ALERTA",1079,1180594.44242051,"2014-07-13",194
"43",-53.48448604,-6.142148068,43,-53.48448604,-6.142148068,"2014-08-01","2015-07-31","deforestation2014",805,"ALERTA",1111,522343.55231688,"2014-08-14",226
"44",-53.77714487,-6.048219934,44,-53.77714487,-6.048219934,"2014-08-01","2015-07-31","deforestation2014",NA,"",NA,NA,"",NA
"45",-53.82148644,-6.15760676,45,-53.82148644,-6.15760676,"2014-08-01","2015-07-31","deforestation2014",NA,"",NA,NA,"",NA
"46",-53.25235736,-6.224532221,46,-53.25235736,-6.224532221,"2014-08-01","2015-07-31","deforestation2014",141,"ALERTA",1047,1262535.83930451,"2014-06-11",162
"47",-53.45634958,-6.20618506,47,-53.45634958,-6.20618506,"2014-08-01","2015-07-31","deforestation2014",817,"ALERTA",1111,458703.689742296,"2014-08-14",226
"48",-53.94497256,-6.108518574,48,-53.94497256,-6.108518574,"2014-08-01","2015-07-31","deforestation2014",NA,"",NA,NA,"",NA
"49",-52.9937421,-6.235324706,49,-52.9937421,-6.235324706,"2014-08-01","2015-07-31","deforestation2014",107,"ALERTA",1047,667156.194224447,"2014-06-11",162
"50",-53.32978905,-6.055749379,50,-53.32978905,-6.055749379,"2014-08-01","2015-07-31","deforestation2014",312,"ALERTA",1079,2259217.94787623,"2014-07-13",194
"51",-53.48077555,-6.180519433,51,-53.48077555,-6.180519433,"2014-08-01","2015-07-31","deforestation2014",177,"ALERTA",1132,332069.185363352,"2014-09-04",247
"52",-53.39722999,-6.18530393,52,-53.39722999,-6.18530393,"2014-08-01","2015-07-31","deforestation2014",NA,"",NA,NA,"",NA
"53",-53.43847003,-6.188881203,53,-53.43847003,-6.188881203,"2014-08-01","2015-07-31","deforestation2014",1573,"ALERTA",1118,367782.614837583,"2014-08-21",233
"54",-53.34621586,-6.120126454,54,-53.34621586,-6.120126454,"2014-08-01","2015-07-31","deforestation2014",804,"ALERTA",1111,1817988.08839853,"2014-08-14",226
"55",-53.28476152,-6.078141358,55,-53.28476152,-6.078141358,"2014-08-01","2015-07-31","deforestation2014",NA,"",NA,NA,"",NA
"56",-53.40623904,-6.048240793,56,-53.40623904,-6.048240793,"2014-08-01","2015-07-31","deforestation2014",457,"ALERTA",1082,1239221.69348657,"2014-07-16",197
"57",-53.39538155,-6.056171597,57,-53.39538155,-6.056171597,"2014-08-01","2015-07-31","deforestation2014",NA,"",NA,NA,"",NA
"58",-53.29599396,-6.105505181,58,-53.29599396,-6.105505181,"2014-08-01","2015-07-31","deforestation2014",313,"ALERTA",1079,435948.512175473,"2014-07-13",194
"59",-53.06352051,-6.20914562,59,-53.06352051,-6.20914562,"2014-08-01","2015-07-31","deforestation2014",118,"ALERTA",1047,2325514.91229932,"2014-06-11",162
"60",-53.92761897,-6.210852346,60,-53.92761897,-6.210852346,"2014-08-01","2015-07-31","deforestation2014",NA,"",NA,NA,"",NA
"61",-52.87262715,-6.138543298,61,-52.87262715,-6.138543298,"2014-08-01","2015-07-31","deforestation2014",NA,"",NA,NA,"",NA
"62",-53.0082328,-6.242081942,62,-53.0082328,-6.242081942,"2014-08-01","2015-07-31","deforestation2014",NA,"",NA,NA,"",NA
"63",-53.13398985,-6.185715571,63,-53.13398985,-6.185715571,"2014-08-01","2015-07-31","deforestation2014",113,"ALERTA",1047,643040.202184898,"2014-06-11",162
"64",-53.21882527,-6.049105781,64,-53.21882527,-6.049105781,"2014-08-01","2015-07-31","deforestation2014",NA,"",NA,NA,"",NA
"65",-53.17947567,-6.215251174,65,-53.17947567,-6.215251174,"2014-08-01","2015-07-31","deforestation2014",529,"ALERTA",1102,385887.005971231,"2014-08-05",217
"66",-53.24115212,-6.079667469,66,-53.24115212,-6.079667469,"2014-08-01","2015-07-31","deforestation2014",NA,"",NA,NA,"",NA
"67",-53.04622898,-6.127062664,67,-53.04622898,-6.127062664,"2014-08-01","2015-07-31","deforestation2014",NA,"",NA,NA,"",NA
"68",-52.90576651,-6.182552729,68,-52.90576651,-6.182552729,"2014-08-01","2015-07-31","deforestation2014",NA,"",NA,NA,"",NA
"69",-53.248747,-6.220625825,69,-53.248747,-6.220625825,"2014-08-01","2015-07-31","deforestation2014",141,"ALERTA",1047,1262535.83930451,"2014-06-11",162
"70",-53.24450328,-6.011819074,70,-53.24450328,-6.011819074,"2014-08-01","2015-07-31","deforestation2014",NA,"",NA,NA,"",NA
"71",-53.18282822,-6.237998093,71,-53.18282822,-6.237998093,"2014-08-01","2015-07-31","deforestation2014",121,"ALERTA",1047,1135856.65138611,"2014-06-11",162
"72",-53.05191303,-6.217261631,72,-53.05191303,-6.217261631,"2014-08-01","2015-07-31","deforestation2014",434,"ALERTA",1081,492665.835287154,"2014-07-15",196
"73",-53.17392735,-6.142122616,73,-53.17392735,-6.142122616,"2014-08-01","2015-07-31","deforestation2014",NA,"",NA,NA,"",NA
"74",-52.90562666,-6.201490317,74,-52.90562666,-6.201490317,"2014-08-01","2015-07-31","deforestation2014",NA,"",NA,NA,"",NA
"75",-53.01235296,-6.234881784,75,-53.01235296,-6.234881784,"2014-08-01","2015-07-31","deforestation2014",426,"ALERTA",1081,594243.279027134,"2014-07-15",196
"76",-52.99391615,-6.226712566,76,-52.99391615,-6.226712566,"2014-08-01","2015-07-31","deforestation2014",NA,"",NA,NA,"",NA
"77",-53.85290443,-6.09130964,77,-53.85290443,-6.09130964,"2014-08-01","2015-07-31","deforestation2014",1030,"ALERTA",1095,461495.787626043,"2014-07-29",210
"78",-53.13391035,-6.23180979,78,-53.13391035,-6.23180979,"2014-08-01","2015-07-31","deforestation2014",528,"ALERTA",1102,390616.04081744,"2014-08-05",217
"79",-53.18811338,-6.24141202,79,-53.18811338,-6.24141202,"2014-08-01","2015-07-31","deforestation2014",NA,"",NA,NA,"",NA
"80",-52.8608846,-6.161816054,80,-52.8608846,-6.161816054,"2014-08-01","2015-07-31","deforestation2014",NA,"",NA,NA,"",NA
"81",-53.78183812,-6.037972049,81,-53.78183812,-6.037972049,"2014-08-01","2015-07-31","deforestation2014",NA,"",NA,NA,"",NA
"82",-53.77371282,-6.04263306,82,-53.77371282,-6.04263306,"2014-08-01","2015-07-31","deforestation2014",521,"ALERTA",1102,323550.359301684,"2014-08-05",217
"83",-52.9261431,-6.159104126,83,-52.9261431,-6.159104126,"2014-08-01","2015-07-31","deforestation2014",932,"ALERTA",1093,389346.821165293,"2014-07-27",208
"84",-53.80076917,-6.149532833,84,-53.80076917,-6.149532833,"2014-08-01","2015-07-31","deforestation2014",NA,"",NA,NA,"",NA
"85",-53.82851535,-6.091459808,85,-53.82851535,-6.091459808,"2014-08-01","2015-07-31","deforestation2014",NA,"",NA,NA,"",NA
"86",-53.35974121,-6.012575615,86,-53.35974121,-6.012575615,"2014-08-01","2015-07-31","deforestation2014",NA,"",NA,NA,"",NA
"87",-53.35299857,-5.994036434,87,-53.35299857,-5.994036434,"2014-08-01","2015-07-31","deforestation2014",NA,"",NA,NA,"",NA
"88",-53.86205065,-6.094762932,88,-53.86205065,-6.094762932,"2014-08-01","2015-07-31","deforestation2014",1554,"ALERTA",1118,431387.840789974,"2014-08-21",233
"89",-52.94889923,-6.275533706,89,-52.94889923,-6.275533706,"2014-08-01","2015-07-31","deforestation2014",NA,"",NA,NA,"",NA
"90",-52.9458246,-6.265187372,90,-52.9458246,-6.265187372,"2014-08-01","2015-07-31","deforestation2014",NA,"",NA,NA,"",NA
"91",-52.9112005,-6.307766992,91,-52.9112005,-6.307766992,"2014-08-01","2015-07-31","deforestation2014",432,"ALERTA",1081,554678.652311988,"2014-07-15",196
"92",-52.8788172,-6.257370634,92,-52.8788172,-6.257370634,"2014-08-01","2015-07-31","deforestation2014",NA,"",NA,NA,"",NA
"93",-53.7931192,-5.864497452,93,-53.7931192,-5.864497452,"2014-08-01","2015-07-31","deforestation2014",NA,"",NA,NA,"",NA
"94",-53.52151552,-6.132259868,94,-53.52151552,-6.132259868,"2014-08-01","2015-07-31","deforestation2014",NA,"",NA,NA,"",NA
"95",-53.81496631,-5.819521085,95,-53.81496631,-5.819521085,"2014-08-01","2015-07-31","deforestation2014",NA,"",NA,NA,"",NA
"96",-53.73049182,-5.902284407,96,-53.73049182,-5.902284407,"2014-08-01","2015-07-31","deforestation2014",NA,"",NA,NA,"",NA
"97",-53.70531301,-5.992848676,97,-53.70531301,-5.992848676,"2014-08-01","2015-07-31","deforestation2014",880,"ALERTA",1111,454492.179584041,"2014-08-14",226
"98",-53.65739258,-5.787541239,98,-53.65739258,-5.787541239,"2014-08-01","2015-07-31","deforestation2014",NA,"",NA,NA,"",NA
"99",-53.40845165,-5.928814492,99,-53.40845165,-5.928814492,"2014-08-01","2015-07-31","deforestation2014",NA,"",NA,NA,"",NA
"100",-53.26558193,-6.301541235,100,-53.26558193,-6.301541235,"2014-08-01","2015-07-31","deforestation2014",NA,"",NA,NA,"",NA
"101",-53.36605921,-5.928988319,101,-53.36605921,-5.928988319,"2014-08-01","2015-07-31","deforestation2014",NA,"",NA,NA,"",NA
"102",-53.35867495,-6.47299912,102,-53.35867495,-6.47299912,"2014-08-01","2015-07-31","deforestation2014",179,"ALERTA",1045,1193327.334425,"2014-06-09",160
"103",-53.32144733,-6.251684991,103,-53.32144733,-6.251684991,"2014-08-01","2015-07-31","deforestation2014",NA,"",NA,NA,"",NA
"104",-53.3360584,-5.986812542,104,-53.3360584,-5.986812542,"2014-08-01","2015-07-31","deforestation2014",NA,"",NA,NA,"",NA
"105",-53.40663086,-5.966842939,105,-53.40663086,-5.966842939,"2014-08-01","2015-07-31","deforestation2014",525,"ALERTA",1052,622109.246820703,"2014-06-16",167
"106",-53.36343184,-5.955201317,106,-53.36343184,-5.955201317,"2014-08-01","2015-07-31","deforestation2014",NA,"",NA,NA,"",NA
"107",-53.72422996,-5.950578723,107,-53.72422996,-5.950578723,"2014-08-01","2015-07-31","deforestation2014",NA,"",NA,NA,"",NA
"108",-53.70535067,-5.906100478,108,-53.70535067,-5.906100478,"2014-08-01","2015-07-31","deforestation2014",489,"ALERTA",1143,459999.53678681,"2014-09-15",258
"109",-53.34914675,-6.49922621,109,-53.34914675,-6.49922621,"2014-08-01","2015-07-31","deforestation2014",NA,"",NA,NA,"",NA
"110",-53.6962186,-5.913388865,110,-53.6962186,-5.913388865,"2014-08-01","2015-07-31","deforestation2014",NA,"",NA,NA,"",NA
"111",-53.60631638,-6.408441911,111,-53.60631638,-6.408441911,"2014-08-01","2015-07-31","deforestation2014",NA,"",NA,NA,"",NA
"112",-53.60140524,-6.401980144,112,-53.60140524,-6.401980144,"2014-08-01","2015-07-31","deforestation2014",24,"ALERTA",1070,988560.11067082,"2014-07-04",185
"113",-53.64601423,-6.418327024,113,-53.64601423,-6.418327024,"2014-08-01","2015-07-31","deforestation2014",NA,"",NA,NA,"",NA
"114",-53.65541317,-6.414839716,114,-53.65541317,-6.414839716,"2014-08-01","2015-07-31","deforestation2014",293,"ALERTA",1049,742830.769724046,"2014-06-13",164
"115",-53.2642492,-6.469717203,115,-53.2642492,-6.469717203,"2014-08-01","2015-07-31","deforestation2014",NA,"",NA,NA,"",NA
"116",-53.28497541,-6.260265938,116,-53.28497541,-6.260265938,"2014-08-01","2015-07-31","deforestation2014",NA,"",NA,NA,"",NA
"117",-53.28988631,-6.252328631,117,-53.28988631,-6.252328631,"2014-08-01","2015-07-31","deforestation2014",67,"ALERTA",1075,722516.685187332,"2014-07-09",190
"118",-53.48703939,-6.256891225,118,-53.48703939,-6.256891225,"2014-08-01","2015-07-31","deforestation2014",NA,"",NA,NA,"",NA
"119",-53.34219663,-6.468860563,119,-53.34219663,-6.468860563,"2014-08-01","2015-07-31","deforestation2014",178,"ALERTA",1045,716326.958276838,"2014-06-09",160
"120",-53.34096058,-6.479074514,120,-53.34096058,-6.479074514,"2014-08-01","2015-07-31","deforestation2014",528,"ALERTA",1086,840089.519732803,"2014-07-20",201
"121",-53.28181254,-6.319575561,121,-53.28181254,-6.319575561,"2014-08-01","2015-07-31","deforestation2014",120,"ALERTA",1047,549442.327582234,"2014-06-11",162
"122",-53.28874613,-6.33869627,122,-53.28874613,-6.33869627,"2014-08-01","2015-07-31","deforestation2014",524,"ALERTA",1086,765007.929963089,"2014-07-20",201
"123",-53.25648006,-6.469208222,123,-53.25648006,-6.469208222,"2014-08-01","2015-07-31","deforestation2014",531,"ALERTA",1052,262308.009050589,"2014-06-16",167
"124",-53.27890308,-6.479299068,124,-53.27890308,-6.479299068,"2014-08-01","2015-07-31","deforestation2014",180,"ALERTA",1045,1377638.19585855,"2014-06-09",160
"125",-53.29509908,-6.355482375,125,-53.29509908,-6.355482375,"2014-08-01","2015-07-31","deforestation2014",119,"ALERTA",1047,673103.479195058,"2014-06-11",162
"126",-53.35823055,-6.489547082,126,-53.35823055,-6.489547082,"2014-08-01","2015-07-31","deforestation2014",NA,"",NA,NA,"",NA
"127",-53.26098789,-6.251896375,127,-53.26098789,-6.251896375,"2014-08-01","2015-07-31","deforestation2014",NA,"",NA,NA,"",NA
"128",-53.16161449,-6.297133528,128,-53.16161449,-6.297133528,"2014-08-01","2015-07-31","deforestation2014",NA,"",NA,NA,"",NA
"129",-53.01377407,-6.301045105,129,-53.01377407,-6.301045105,"2014-08-01","2015-07-31","deforestation2014",NA,"",NA,NA,"",NA
"130",-53.02432538,-6.298334176,130,-53.02432538,-6.298334176,"2014-08-01","2015-07-31","deforestation2014",NA,"",NA,NA,"",NA
"131",-53.10561251,-6.266492451,131,-53.10561251,-6.266492451,"2014-08-01","2015-07-31","deforestation2014",NA,"",NA,NA,"",NA
"132",-53.22450611,-6.434445648,132,-53.22450611,-6.434445648,"2014-08-01","2015-07-31","deforestation2014",NA,"",NA,NA,"",NA
"133",-53.2116261,-6.427692176,133,-53.2116261,-6.427692176,"2014-08-01","2015-07-31","deforestation2014",NA,"",NA,NA,"",NA
"134",-52.87282632,-6.42527314,134,-52.87282632,-6.42527314,"2014-08-01","2015-07-31","deforestation2014",NA,"",NA,NA,"",NA
"135",-52.8784581,-6.287818338,135,-52.8784581,-6.287818338,"2014-08-01","2015-07-31","deforestation2014",NA,"",NA,NA,"",NA
"136",-52.96634681,-6.350035261,136,-52.96634681,-6.350035261,"2014-08-01","2015-07-31","deforestation2014",NA,"",NA,NA,"",NA
"137",-52.98237023,-6.27665024,137,-52.98237023,-6.27665024,"2014-08-01","2015-07-31","deforestation2014",NA,"",NA,NA,"",NA
"138",-52.94507941,-6.287508986,138,-52.94507941,-6.287508986,"2014-08-01","2015-07-31","deforestation2014",NA,"",NA,NA,"",NA
"139",-52.92154876,-6.301736907,139,-52.92154876,-6.301736907,"2014-08-01","2015-07-31","deforestation2014",NA,"",NA,NA,"",NA
"140",-52.87519105,-6.28381958,140,-52.87519105,-6.28381958,"2014-08-01","2015-07-31","deforestation2014",NA,"",NA,NA,"",NA
"141",-52.94092828,-6.276132115,141,-52.94092828,-6.276132115,"2014-08-01","2015-07-31","deforestation2014",NA,"",NA,NA,"",NA
"142",-53.9143747,-6.25705065,142,-53.9143747,-6.25705065,"2014-08-01","2015-07-31","deforestation2014",NA,"",NA,NA,"",NA
"143",-54.01914591,-6.319532315,143,-54.01914591,-6.319532315,"2014-08-01","2015-07-31","deforestation2014",NA,"",NA,NA,"",NA
"144",-53.93297871,-6.283651896,144,-53.93297871,-6.283651896,"2014-08-01","2015-07-31","deforestation2014",NA,"",NA,NA,"",NA
"145",-53.5975986,-6.389490748,145,-53.5975986,-6.389490748,"2014-08-01","2015-07-31","deforestation2014",430,"ALERTA",1081,588489.234954813,"2014-07-15",196
"146",-53.34675319,-6.481991601,146,-53.34675319,-6.481991601,"2014-08-01","2015-07-31","deforestation2014",NA,"",NA,NA,"",NA
"147",-53.30914594,-6.358832071,147,-53.30914594,-6.358832071,"2015-08-01","2016-07-31","deforestation2015",750,"ALERTA",1284,0,"2015-06-19",170
"148",-52.96738142,-6.257733248,148,-52.96738142,-6.257733248,"2015-08-01","2016-07-31","deforestation2015",189,"ALERTA",1270,0,"2015-06-05",156
"149",-53.12402952,-6.288015508,149,-53.12402952,-6.288015508,"2015-08-01","2016-07-31","deforestation2015",1041,"ALERTA",1312,0,"2015-07-21",202
"150",-53.22466103,-6.413411432,150,-53.22466103,-6.413411432,"2015-08-01","2016-07-31","deforestation2015",202,"ALERTA",1270,0,"2015-06-05",156
"151",-53.43158052,-6.505569169,151,-53.43158052,-6.505569169,"2015-08-01","2016-07-31","deforestation2015",550,"ALERTA",1086,2196894.62521303,"2014-07-20",201
"152",-52.8961405,-6.511589937,152,-52.8961405,-6.511589937,"2015-08-01","2016-07-31","deforestation2015",300,"ALERTA",1361,0,"2015-09-11",254
"153",-52.87697587,-6.234471231,153,-52.87697587,-6.234471231,"2015-08-01","2016-07-31","deforestation2015",1042,"ALERTA",1312,0,"2015-07-21",202
"154",-53.22377799,-6.023947108,154,-53.22377799,-6.023947108,"2015-08-01","2016-07-31","deforestation2015",657,"ALERTA",1281,0,"2015-06-16",167
"155",-53.19201078,-6.238625041,155,-53.19201078,-6.238625041,"2015-08-01","2016-07-31","deforestation2015",204,"ALERTA",1270,0,"2015-06-05",156
"156",-53.538,-6.206249295,156,-53.538,-6.206249295,"2015-08-01","2016-07-31","deforestation2015",NA,"",NA,NA,"",NA
"157",-53.81360985,-6.142654955,157,-53.81360985,-6.142654955,"2015-08-01","2016-07-31","deforestation2015",1605,"ALERTA",1120,595583.764365641,"2014-08-23",235
"158",-52.95071178,-6.358501579,158,-52.95071178,-6.358501579,"2015-08-01","2016-07-31","deforestation2015",NA,"",NA,NA,"",NA
"159",-52.91649652,-6.308634737,159,-52.91649652,-6.308634737,"2015-08-01","2016-07-31","deforestation2015",85,"ALERTA",1184,434060.389659043,"2014-11-11",315
"160",-53.54629733,-6.170269471,160,-53.54629733,-6.170269471,"2015-08-01","2016-07-31","deforestation2015",104,"ALERTA",1384,0,"2015-10-04",277
"161",-53.68267371,-6.067205681,161,-53.68267371,-6.067205681,"2015-08-01","2016-07-31","deforestation2015",493,"ALERTA",1143,766342.038325191,"2014-09-15",258
"162",-54.08288017,-5.465853493,162,-54.08288017,-5.465853493,"2015-08-01","2016-07-31","deforestation2015",NA,"",NA,NA,"",NA
"163",-53.51356133,-6.171244251,163,-53.51356133,-6.171244251,"2015-08-01","2016-07-31","deforestation2015",NA,"",NA,NA,"",NA
"164",-53.6769506,-6.095269065,164,-53.6769506,-6.095269065,"2015-08-01","2016-07-31","deforestation2015",NA,"",NA,NA,"",NA
"165",-53.25548325,-6.439932686,165,-53.25548325,-6.439932686,"2015-08-01","2016-07-31","deforestation2015",747,"ALERTA",1284,0,"2015-06-19",170
"166",-53.71775993,-6.082155996,166,-53.71775993,-6.082155996,"2015-08-01","2016-07-31","deforestation2015",75,"ALERTA",1184,631457.570852153,"2014-11-11",315
"167",-53.73336945,-6.008845345,167,-53.73336945,-6.008845345,"2015-08-01","2016-07-31","deforestation2015",51,"ALERTA",1098,1747923.36141814,"2014-08-01",213
"168",-53.5395682,-6.201450991,168,-53.5395682,-6.201450991,"2015-08-01","2016-07-31","deforestation2015",1580,"ALERTA",1118,400137.420193061,"2014-08-21",233
"169",-53.6622906,-6.06162404,169,-53.6622906,-6.06162404,"2015-08-01","2016-07-31","deforestation2015",NA,"",NA,NA,"",NA
"170",-53.55441621,-6.205808695,170,-53.55441621,-6.205808695,"2015-08-01","2016-07-31","deforestation2015",NA,"",NA,NA,"",NA
"171",-53.661687,-6.086960606,171,-53.661687,-6.086960606,"2015-08-01","2016-07-31","deforestation2015",1565,"ALERTA",1118,1067367.01428307,"2014-08-21",233
"172",-53.72904515,-6.046530891,172,-53.72904515,-6.046530891,"2015-08-01","2016-07-31","deforestation2015",749,"ALERTA",1284,0,"2015-06-19",170
"173",-53.65291723,-6.085798974,173,-53.65291723,-6.085798974,"2015-08-01","2016-07-31","deforestation2015",1565,"ALERTA",1118,1067367.01428307,"2014-08-21",233
"174",-53.58584755,-6.217289757,174,-53.58584755,-6.217289757,"2015-08-01","2016-07-31","deforestation2015",137,"ALERTA",1359,0,"2015-09-09",252
"175",-53.69909838,-6.065642185,175,-53.69909838,-6.065642185,"2015-08-01","2016-07-31","deforestation2015",1366,"ALERTA",1352,0,"2015-08-31",243
"176",-53.71099627,-6.011463807,176,-53.71099627,-6.011463807,"2015-08-01","2016-07-31","deforestation2015",658,"ALERTA",1281,0,"2015-06-16",167
"177",-53.29485212,-6.281744791,177,-53.29485212,-6.281744791,"2015-08-01","2016-07-31","deforestation2015",1570,"ALERTA",1118,513699.826378287,"2014-08-21",233
"178",-53.71200945,-6.141331669,178,-53.71200945,-6.141331669,"2015-08-01","2016-07-31","deforestation2015",134,"ALERTA",1359,0,"2015-09-09",252
"179",-53.70112043,-6.018390418,179,-53.70112043,-6.018390418,"2015-08-01","2016-07-31","deforestation2015",NA,"",NA,NA,"",NA
"180",-52.90462995,-6.520151377,180,-52.90462995,-6.520151377,"2015-08-01","2016-07-31","deforestation2015",199,"ALERTA",1270,0,"2015-06-05",156
"181",-53.70335211,-6.081058403,181,-53.70335211,-6.081058403,"2015-08-01","2016-07-31","deforestation2015",NA,"",NA,NA,"",NA
"182",-52.87177638,-6.438528916,182,-52.87177638,-6.438528916,"2015-08-01","2016-07-31","deforestation2015",NA,"",NA,NA,"",NA
"183",-53.68934358,-6.08314719,183,-53.68934358,-6.08314719,"2015-08-01","2016-07-31","deforestation2015",196,"ALERTA",1270,0,"2015-06-05",156
"184",-53.68274479,-6.071678418,184,-53.68274479,-6.071678418,"2015-08-01","2016-07-31","deforestation2015",493,"ALERTA",1143,766342.038325191,"2014-09-15",258
"185",-53.73388585,-6.058962097,185,-53.73388585,-6.058962097,"2015-08-01","2016-07-31","deforestation2015",NA,"",NA,NA,"",NA
"186",-53.57805865,-6.190478542,186,-53.57805865,-6.190478542,"2015-08-01","2016-07-31","deforestation2015",NA,"",NA,NA,"",NA
"187",-53.68613299,-6.070273377,187,-53.68613299,-6.070273377,"2015-08-01","2016-07-31","deforestation2015",493,"ALERTA",1143,766342.038325191,"2014-09-15",258
"188",-53.43365742,-6.494736429,188,-53.43365742,-6.494736429,"2015-08-01","2016-07-31","deforestation2015",550,"ALERTA",1086,2196894.62521303,"2014-07-20",201
"189",-53.70640121,-6.137071426,189,-53.70640121,-6.137071426,"2015-08-01","2016-07-31","deforestation2015",803,"ALERTA",1111,523656.905193586,"2014-08-14",226
"190",-53.53683576,-6.141029745,190,-53.53683576,-6.141029745,"2015-08-01","2016-07-31","deforestation2015",NA,"",NA,NA,"",NA
"191",-53.63051357,-6.397359403,191,-53.63051357,-6.397359403,"2015-08-01","2016-07-31","deforestation2015",NA,"",NA,NA,"",NA
"192",-52.91765178,-6.181998836,192,-52.91765178,-6.181998836,"2015-08-01","2016-07-31","deforestation2015",NA,"",NA,NA,"",NA
"193",-53.33956797,-6.049552483,193,-53.33956797,-6.049552483,"2015-08-01","2016-07-31","deforestation2015",312,"ALERTA",1079,2259217.94787623,"2014-07-13",194
"194",-54.02019723,-6.079998312,194,-54.02019723,-6.079998312,"2015-08-01","2016-07-31","deforestation2015",NA,"",NA,NA,"",NA
"195",-52.87832546,-6.285753889,195,-52.87832546,-6.285753889,"2015-08-01","2016-07-31","deforestation2015",NA,"",NA,NA,"",NA
"196",-53.22470734,-6.039948327,196,-53.22470734,-6.039948327,"2015-08-01","2016-07-31","deforestation2015",206,"ALERTA",1270,0,"2015-06-05",156
"197",-52.91520378,-6.28866156,197,-52.91520378,-6.28866156,"2015-08-01","2016-07-31","deforestation2015",NA,"",NA,NA,"",NA
"198",-53.17675979,-6.245951284,198,-53.17675979,-6.245951284,"2015-08-01","2016-07-31","deforestation2015",NA,"",NA,NA,"",NA
"199",-53.66842236,-6.047520161,199,-53.66842236,-6.047520161,"2015-08-01","2016-07-31","deforestation2015",526,"ALERTA",1052,3929286.63395023,"2014-06-16",167
"200",-53.30667097,-6.064343843,200,-53.30667097,-6.064343843,"2015-08-01","2016-07-31","deforestation2015",309,"ALERTA",1079,1180594.44242051,"2014-07-13",194
"201",-52.95372735,-6.349929157,201,-52.95372735,-6.349929157,"2015-08-01","2016-07-31","deforestation2015",NA,"",NA,NA,"",NA
"202",-53.18346081,-6.244537285,202,-53.18346081,-6.244537285,"2015-08-01","2016-07-31","deforestation2015",942,"ALERTA",1290,0,"2015-06-25",176
"203",-53.17010527,-6.184692778,203,-53.17010527,-6.184692778,"2015-08-01","2016-07-31","deforestation2015",352,"ALERTA",1100,2321689.74200377,"2014-08-03",215
"204",-53.45749994,-6.207343601,204,-53.45749994,-6.207343601,"2015-08-01","2016-07-31","deforestation2015",817,"ALERTA",1111,458703.689742296,"2014-08-14",226
"205",-53.41946789,-6.095230731,205,-53.41946789,-6.095230731,"2015-08-01","2016-07-31","deforestation2015",406,"ALERTA",1307,0,"2015-07-16",197
"206",-53.29533384,-6.074844142,206,-53.29533384,-6.074844142,"2015-08-01","2016-07-31","deforestation2015",1198,"ALERTA",1345,0,"2015-08-24",236
"207",-52.88921689,-6.260305786,207,-52.88921689,-6.260305786,"2015-08-01","2016-07-31","deforestation2015",NA,"",NA,NA,"",NA
"208",-53.24293053,-6.008950862,208,-53.24293053,-6.008950862,"2015-08-01","2016-07-31","deforestation2015",NA,"",NA,NA,"",NA
"209",-53.39018236,-6.198710203,209,-53.39018236,-6.198710203,"2015-08-01","2016-07-31","deforestation2015",1422,"ALERTA",1319,0,"2015-07-28",209
"210",-53.41862935,-6.08845471,210,-53.41862935,-6.08845471,"2015-08-01","2016-07-31","deforestation2015",1602,"ALERTA",1321,0,"2015-07-30",211
"211",-52.94694228,-6.39693197,211,-52.94694228,-6.39693197,"2015-08-01","2016-07-31","deforestation2015",NA,"",NA,NA,"",NA
"212",-53.18327272,-6.2307629,212,-53.18327272,-6.2307629,"2015-08-01","2016-07-31","deforestation2015",121,"ALERTA",1047,1135856.65138611,"2014-06-11",162
"213",-53.162972,-6.175005221,213,-53.162972,-6.175005221,"2015-08-01","2016-07-31","deforestation2015",352,"ALERTA",1100,2321689.74200377,"2014-08-03",215
"214",-52.92287737,-6.304737219,214,-52.92287737,-6.304737219,"2015-08-01","2016-07-31","deforestation2015",NA,"",NA,NA,"",NA
"215",-53.39545049,-6.182831131,215,-53.39545049,-6.182831131,"2015-08-01","2016-07-31","deforestation2015",178,"ALERTA",1132,419466.597002259,"2014-09-04",247
"216",-53.35597393,-6.142091448,216,-53.35597393,-6.142091448,"2015-08-01","2016-07-31","deforestation2015",NA,"",NA,NA,"",NA
"217",-53.48510396,-6.151627412,217,-53.48510396,-6.151627412,"2015-08-01","2016-07-31","deforestation2015",NA,"",NA,NA,"",NA
"218",-52.90551679,-6.255621274,218,-52.90551679,-6.255621274,"2015-08-01","2016-07-31","deforestation2015",174,"ALERTA",1325,0,"2015-08-03",215
"219",-53.37123846,-6.173235044,219,-53.37123846,-6.173235044,"2015-08-01","2016-07-31","deforestation2015",NA,"",NA,NA,"",NA
"220",-53.27753848,-6.249628524,220,-53.27753848,-6.249628524,"2015-08-01","2016-07-31","deforestation2015",NA,"",NA,NA,"",NA
"221",-53.70722538,-6.01447885,221,-53.70722538,-6.01447885,"2015-08-01","2016-07-31","deforestation2015",658,"ALERTA",1281,0,"2015-06-16",167
"222",-53.47849167,-6.111654542,222,-53.47849167,-6.111654542,"2015-08-01","2016-07-31","deforestation2015",NA,"",NA,NA,"",NA
"223",-53.33595182,-6.115371753,223,-53.33595182,-6.115371753,"2015-08-01","2016-07-31","deforestation2015",417,"ALERTA",1328,0,"2015-08-06",218
"224",-52.87511697,-6.292560321,224,-52.87511697,-6.292560321,"2015-08-01","2016-07-31","deforestation2015",NA,"",NA,NA,"",NA
"225",-53.41728768,-6.212024677,225,-53.41728768,-6.212024677,"2015-08-01","2016-07-31","deforestation2015",1578,"ALERTA",1118,437042.216060439,"2014-08-21",233
"226",-53.47329466,-6.149893542,226,-53.47329466,-6.149893542,"2015-08-01","2016-07-31","deforestation2015",1577,"ALERTA",1118,490236.294944498,"2014-08-21",233
"227",-53.40584029,-6.197337989,227,-53.40584029,-6.197337989,"2015-08-01","2016-07-31","deforestation2015",NA,"",NA,NA,"",NA
"228",-52.87125315,-6.449460535,228,-52.87125315,-6.449460535,"2015-08-01","2016-07-31","deforestation2015",NA,"",NA,NA,"",NA
"229",-53.25284391,-6.241595743,229,-53.25284391,-6.241595743,"2015-08-01","2016-07-31","deforestation2015",NA,"",NA,NA,"",NA
"230",-53.27235439,-6.226700286,230,-53.27235439,-6.226700286,"2015-08-01","2016-07-31","deforestation2015",NA,"",NA,NA,"",NA
"231",-53.47573316,-6.138638192,231,-53.47573316,-6.138638192,"2015-08-01","2016-07-31","deforestation2015",1424,"ALERTA",1319,0,"2015-07-28",209
"232",-52.80743186,-6.300400574,232,-52.80743186,-6.300400574,"2015-08-01","2016-07-31","deforestation2015",NA,"",NA,NA,"",NA
"233",-52.90979211,-6.261372488,233,-52.90979211,-6.261372488,"2015-08-01","2016-07-31","deforestation2015",NA,"",NA,NA,"",NA
"234",-52.89470062,-6.195483924,234,-52.89470062,-6.195483924,"2015-08-01","2016-07-31","deforestation2015",NA,"",NA,NA,"",NA
"235",-53.93481358,-6.225235863,235,-53.93481358,-6.225235863,"2015-08-01","2016-07-31","deforestation2015",1401,"ALERTA",1116,310972.899376322,"2014-08-19",231
"236",-52.82278773,-6.333592083,236,-52.82278773,-6.333592083,"2015-08-01","2016-07-31","deforestation2015",NA,"",NA,NA,"",NA
"237",-52.8778593,-6.206894383,237,-52.8778593,-6.206894383,"2015-08-01","2016-07-31","deforestation2015",NA,"",NA,NA,"",NA
"238",-52.96847375,-6.285364843,238,-52.96847375,-6.285364843,"2015-08-01","2016-07-31","deforestation2015",1567,"ALERTA",1118,411845.190670006,"2014-08-21",233
"239",-53.11755825,-6.153733181,239,-53.11755825,-6.153733181,"2015-08-01","2016-07-31","deforestation2015",NA,"",NA,NA,"",NA
"240",-52.94752828,-6.262425851,240,-52.94752828,-6.262425851,"2015-08-01","2016-07-31","deforestation2015",NA,"",NA,NA,"",NA
"241",-53.77760744,-6.038736418,241,-53.77760744,-6.038736418,"2015-08-01","2016-07-31","deforestation2015",877,"ALERTA",1111,396677.608090416,"2014-08-14",226
"242",-53.79673031,-6.092794345,242,-53.79673031,-6.092794345,"2015-08-01","2016-07-31","deforestation2015",NA,"",NA,NA,"",NA
"243",-53.85648318,-6.112965693,243,-53.85648318,-6.112965693,"2015-08-01","2016-07-31","deforestation2015",NA,"",NA,NA,"",NA
"244",-53.79745191,-6.153291443,244,-53.79745191,-6.153291443,"2015-08-01","2016-07-31","deforestation2015",NA,"",NA,NA,"",NA
"245",-53.94010343,-6.107702909,245,-53.94010343,-6.107702909,"2015-08-01","2016-07-31","deforestation2015",NA,"",NA,NA,"",NA
"246",-53.43141603,-6.31088632,246,-53.43141603,-6.31088632,"2015-08-01","2016-07-31","deforestation2015",200,"ALERTA",1270,0,"2015-06-05",156
"247",-52.79512235,-6.123798201,247,-52.79512235,-6.123798201,"2015-08-01","2016-07-31","deforestation2015",24,"ALERTA",1330,0,"2015-08-08",220
"248",-53.19101153,-6.224498292,248,-53.19101153,-6.224498292,"2015-08-01","2016-07-31","deforestation2015",1116,"ALERTA",1343,0,"2015-08-22",234
"249",-52.91960927,-6.24621298,249,-52.91960927,-6.24621298,"2015-08-01","2016-07-31","deforestation2015",NA,"",NA,NA,"",NA
"250",-53.02813532,-6.227483041,250,-53.02813532,-6.227483041,"2015-08-01","2016-07-31","deforestation2015",NA,"",NA,NA,"",NA
"251",-53.23695389,-6.205729839,251,-53.23695389,-6.205729839,"2015-08-01","2016-07-31","deforestation2015",142,"ALERTA",1268,0,"2015-06-03",154
"252",-53.15759484,-6.173772004,252,-53.15759484,-6.173772004,"2015-08-01","2016-07-31","deforestation2015",1248,"ALERTA",1316,0,"2015-07-25",206
"253",-53.17072458,-6.203814327,253,-53.17072458,-6.203814327,"2015-08-01","2016-07-31","deforestation2015",53,"ALERTA",1298,0,"2015-07-02",183
"254",-53.82840034,-6.086573947,254,-53.82840034,-6.086573947,"2015-08-01","2016-07-31","deforestation2015",802,"ALERTA",1111,424055.475731336,"2014-08-14",226
"255",-53.80072021,-6.051742983,255,-53.80072021,-6.051742983,"2015-08-01","2016-07-31","deforestation2015",409,"ALERTA",1307,0,"2015-07-16",197
"256",-53.83419822,-6.134833608,256,-53.83419822,-6.134833608,"2015-08-01","2016-07-31","deforestation2015",NA,"",NA,NA,"",NA
"257",-52.92634857,-6.154263022,257,-52.92634857,-6.154263022,"2015-08-01","2016-07-31","deforestation2015",1059,"ALERTA",1288,0,"2015-06-23",174
"258",-52.84882799,-6.169049822,258,-52.84882799,-6.169049822,"2015-08-01","2016-07-31","deforestation2015",NA,"",NA,NA,"",NA
"259",-53.81642654,-6.07791933,259,-53.81642654,-6.07791933,"2015-08-01","2016-07-31","deforestation2015",32,"ALERTA",1330,0,"2015-08-08",220
"260",-53.14235151,-6.228264577,260,-53.14235151,-6.228264577,"2015-08-01","2016-07-31","deforestation2015",1572,"ALERTA",1118,532446.219384004,"2014-08-21",233
"261",-53.91475434,-6.090045304,261,-53.91475434,-6.090045304,"2015-08-01","2016-07-31","deforestation2015",444,"ALERTA",1397,0,"2015-10-18",291
"262",-53.92070874,-6.219474529,262,-53.92070874,-6.219474529,"2015-08-01","2016-07-31","deforestation2015",NA,"",NA,NA,"",NA
"263",-53.18005143,-6.181406924,263,-53.18005143,-6.181406924,"2015-08-01","2016-07-31","deforestation2015",1247,"ALERTA",1316,0,"2015-07-25",206
"264",-53.85616653,-6.069632849,264,-53.85616653,-6.069632849,"2015-08-01","2016-07-31","deforestation2015",NA,"",NA,NA,"",NA
"265",-53.75743397,-6.091609414,265,-53.75743397,-6.091609414,"2015-08-01","2016-07-31","deforestation2015",NA,"",NA,NA,"",NA
"266",-53.86238293,-6.096856181,266,-53.86238293,-6.096856181,"2015-08-01","2016-07-31","deforestation2015",1554,"ALERTA",1118,431387.840789974,"2014-08-21",233
"267",-53.92586277,-6.196970898,267,-53.92586277,-6.196970898,"2015-08-01","2016-07-31","deforestation2015",496,"ALERTA",1143,449548.648077369,"2014-09-15",258
"268",-53.82186722,-6.088254355,268,-53.82186722,-6.088254355,"2015-08-01","2016-07-31","deforestation2015",NA,"",NA,NA,"",NA
"269",-53.83123754,-6.091496219,269,-53.83123754,-6.091496219,"2015-08-01","2016-07-31","deforestation2015",802,"ALERTA",1111,424055.475731336,"2014-08-14",226
"270",-53.79799518,-6.125311976,270,-53.79799518,-6.125311976,"2015-08-01","2016-07-31","deforestation2015",NA,"",NA,NA,"",NA
"271",-53.78503286,-6.037480979,271,-53.78503286,-6.037480979,"2015-08-01","2016-07-31","deforestation2015",NA,"",NA,NA,"",NA
"272",-53.79038447,-6.13151451,272,-53.79038447,-6.13151451,"2015-08-01","2016-07-31","deforestation2015",NA,"",NA,NA,"",NA
"273",-53.80782695,-6.154272228,273,-53.80782695,-6.154272228,"2015-08-01","2016-07-31","deforestation2015",NA,"",NA,NA,"",NA
"274",-53.83364113,-6.065971136,274,-53.83364113,-6.065971136,"2015-08-01","2016-07-31","deforestation2015",NA,"",NA,NA,"",NA
"275",-53.80647273,-6.135110596,275,-53.80647273,-6.135110596,"2015-08-01","2016-07-31","deforestation2015",NA,"",NA,NA,"",NA
"276",-53.45199145,-5.949650723,276,-53.45199145,-5.949650723,"2015-08-01","2016-07-31","deforestation2015",NA,"",NA,NA,"",NA
"277",-52.83103874,-6.197686594,277,-52.83103874,-6.197686594,"2015-08-01","2016-07-31","deforestation2015",NA,"",NA,NA,"",NA
"278",-53.42206028,-5.754464892,278,-53.42206028,-5.754464892,"2015-08-01","2016-07-31","deforestation2015",NA,"",NA,NA,"",NA
"279",-53.72384711,-6.008795232,279,-53.72384711,-6.008795232,"2015-08-01","2016-07-31","deforestation2015",746,"ALERTA",1284,0,"2015-06-19",170
"280",-53.69648932,-6.082603033,280,-53.69648932,-6.082603033,"2015-08-01","2016-07-31","deforestation2015",NA,"",NA,NA,"",NA
"281",-53.56764096,-6.115458925,281,-53.56764096,-6.115458925,"2015-08-01","2016-07-31","deforestation2015",405,"ALERTA",1307,0,"2015-07-16",197
"282",-53.72362827,-6.111876697,282,-53.72362827,-6.111876697,"2015-08-01","2016-07-31","deforestation2015",NA,"",NA,NA,"",NA
"283",-53.72030873,-6.01319406,283,-53.72030873,-6.01319406,"2015-08-01","2016-07-31","deforestation2015",506,"ALERTA",1143,401955.533491105,"2014-09-15",258
"284",-53.70652777,-6.095593807,284,-53.70652777,-6.095593807,"2015-08-01","2016-07-31","deforestation2015",NA,"",NA,NA,"",NA
"285",-53.58340055,-6.193744589,285,-53.58340055,-6.193744589,"2015-08-01","2016-07-31","deforestation2015",NA,"",NA,NA,"",NA
"286",-53.64915078,-5.786731573,286,-53.64915078,-5.786731573,"2015-08-01","2016-07-31","deforestation2015",1031,"ALERTA",1312,0,"2015-07-21",202
"287",-53.71088848,-6.044494848,287,-53.71088848,-6.044494848,"2015-08-01","2016-07-31","deforestation2015",664,"ALERTA",1281,0,"2015-06-16",167
"288",-53.81202819,-5.794143733,288,-53.81202819,-5.794143733,"2015-08-01","2016-07-31","deforestation2015",685,"ALERTA",1281,0,"2015-06-16",167
"289",-53.83119028,-5.809363199,289,-53.83119028,-5.809363199,"2015-08-01","2016-07-31","deforestation2015",1216,"ALERTA",1289,0,"2015-06-24",175
"290",-53.84332508,-5.787666387,290,-53.84332508,-5.787666387,"2015-08-01","2016-07-31","deforestation2015",403,"ALERTA",1307,0,"2015-07-16",197
"291",-53.62523576,-5.954236123,291,-53.62523576,-5.954236123,"2015-08-01","2016-07-31","deforestation2015",1365,"ALERTA",1352,0,"2015-08-31",243
"292",-53.72066699,-5.946632737,292,-53.72066699,-5.946632737,"2015-08-01","2016-07-31","deforestation2015",NA,"",NA,NA,"",NA
"293",-53.36019609,-5.927828241,293,-53.36019609,-5.927828241,"2015-08-01","2016-07-31","deforestation2015",504,"ALERTA",1143,409552.964644387,"2014-09-15",258
"294",-53.41490121,-5.745113696,294,-53.41490121,-5.745113696,"2015-08-01","2016-07-31","deforestation2015",NA,"",NA,NA,"",NA
"295",-53.42824579,-5.748366834,295,-53.42824579,-5.748366834,"2015-08-01","2016-07-31","deforestation2015",NA,"",NA,NA,"",NA
"296",-53.67436747,-5.729455735,296,-53.67436747,-5.729455735,"2015-08-01","2016-07-31","deforestation2015",177,"ALERTA",1325,0,"2015-08-03",215
"297",-53.58712179,-5.741626713,297,-53.58712179,-5.741626713,"2015-08-01","2016-07-31","deforestation2015",494,"ALERTA",1143,511778.327323852,"2014-09-15",258
"298",-53.40105561,-5.914854487,298,-53.40105561,-5.914854487,"2015-08-01","2016-07-31","deforestation2015",NA,"",NA,NA,"",NA
"299",-53.4140724,-5.761993078,299,-53.4140724,-5.761993078,"2015-08-01","2016-07-31","deforestation2015",NA,"",NA,NA,"",NA
"300",-53.67903155,-5.987499405,300,-53.67903155,-5.987499405,"2015-08-01","2016-07-31","deforestation2015",659,"ALERTA",1281,0,"2015-06-16",167
"301",-53.70133892,-5.904038758,301,-53.70133892,-5.904038758,"2015-08-01","2016-07-31","deforestation2015",489,"ALERTA",1143,459999.53678681,"2014-09-15",258
"302",-53.1751497,-6.250443403,302,-53.1751497,-6.250443403,"2015-08-01","2016-07-31","deforestation2015",NA,"",NA,NA,"",NA
"303",-53.19842342,-6.376422309,303,-53.19842342,-6.376422309,"2015-08-01","2016-07-31","deforestation2015",725,"ALERTA",1284,0,"2015-06-19",170
"304",-53.22162825,-6.430700346,304,-53.22162825,-6.430700346,"2015-08-01","2016-07-31","deforestation2015",1250,"ALERTA",1316,0,"2015-07-25",206
"305",-53.28031989,-6.471574604,305,-53.28031989,-6.471574604,"2015-08-01","2016-07-31","deforestation2015",193,"ALERTA",1270,0,"2015-06-05",156
"306",-53.64786611,-6.418752699,306,-53.64786611,-6.418752699,"2015-08-01","2016-07-31","deforestation2015",NA,"",NA,NA,"",NA
"307",-53.24878074,-6.429932578,307,-53.24878074,-6.429932578,"2015-08-01","2016-07-31","deforestation2015",841,"ALERTA",1307,0,"2015-07-16",197
"308",-53.01449854,-6.29543208,308,-53.01449854,-6.29543208,"2015-08-01","2016-07-31","deforestation2015",974,"ALERTA",1336,0,"2015-08-15",227
"309",-53.45144407,-6.33296894,309,-53.45144407,-6.33296894,"2015-08-01","2016-07-31","deforestation2015",387,"ALERTA",1307,0,"2015-07-16",197
"310",-53.15986886,-6.299606658,310,-53.15986886,-6.299606658,"2015-08-01","2016-07-31","deforestation2015",NA,"",NA,NA,"",NA
"311",-53.26533198,-6.33497966,311,-53.26533198,-6.33497966,"2015-08-01","2016-07-31","deforestation2015",388,"ALERTA",1307,0,"2015-07-16",197
"312",-53.28761384,-6.274352473,312,-53.28761384,-6.274352473,"2015-08-01","2016-07-31","deforestation2015",NA,"",NA,NA,"",NA
"313",-53.35061599,-6.471067194,313,-53.35061599,-6.471067194,"2015-08-01","2016-07-31","deforestation2015",558,"ALERTA",1265,1945817.52135302,"2015-05-31",151
"314",-53.10777244,-6.266684775,314,-53.10777244,-6.266684775,"2015-08-01","2016-07-31","deforestation2015",NA,"",NA,NA,"",NA
"315",-53.28019044,-6.253752182,315,-53.28019044,-6.253752182,"2015-08-01","2016-07-31","deforestation2015",NA,"",NA,NA,"",NA
"316",-53.33896062,-6.486351009,316,-53.33896062,-6.486351009,"2015-08-01","2016-07-31","deforestation2015",194,"ALERTA",1270,0,"2015-06-05",156
"317",-53.26266586,-6.300321339,317,-53.26266586,-6.300321339,"2015-08-01","2016-07-31","deforestation2015",1120,"ALERTA",1343,0,"2015-08-22",234
"318",-53.25954806,-6.304581969,318,-53.25954806,-6.304581969,"2015-08-01","2016-07-31","deforestation2015",NA,"",NA,NA,"",NA
"319",-53.49293329,-6.449520931,319,-53.49293329,-6.449520931,"2015-08-01","2016-07-31","deforestation2015",49,"ALERTA",1266,0,"2015-06-01",152
"320",-53.47393788,-6.34063688,320,-53.47393788,-6.34063688,"2015-08-01","2016-07-31","deforestation2015",973,"ALERTA",1292,0,"2015-06-26",177
"321",-53.30054106,-6.357909687,321,-53.30054106,-6.357909687,"2015-08-01","2016-07-31","deforestation2015",750,"ALERTA",1284,0,"2015-06-19",170
"322",-53.30733548,-6.261839564,322,-53.30733548,-6.261839564,"2015-08-01","2016-07-31","deforestation2015",442,"ALERTA",1397,0,"2015-10-18",291
"323",-53.27604704,-6.255608402,323,-53.27604704,-6.255608402,"2015-08-01","2016-07-31","deforestation2015",NA,"",NA,NA,"",NA
"324",-53.29020995,-6.343907232,324,-53.29020995,-6.343907232,"2015-08-01","2016-07-31","deforestation2015",524,"ALERTA",1086,765007.929963089,"2014-07-20",201
"325",-53.25603386,-6.476477388,325,-53.25603386,-6.476477388,"2015-08-01","2016-07-31","deforestation2015",840,"ALERTA",1307,0,"2015-07-16",197
"326",-53.18684737,-6.317623283,326,-53.18684737,-6.317623283,"2015-08-01","2016-07-31","deforestation2015",1571,"ALERTA",1118,388387.672901325,"2014-08-21",233
"327",-53.10022125,-6.272136277,327,-53.10022125,-6.272136277,"2015-08-01","2016-07-31","deforestation2015",NA,"",NA,NA,"",NA
"328",-53.11570741,-6.252452256,328,-53.11570741,-6.252452256,"2015-08-01","2016-07-31","deforestation2015",NA,"",NA,NA,"",NA
"329",-53.90595017,-6.300523754,329,-53.90595017,-6.300523754,"2015-08-01","2016-07-31","deforestation2015",NA,"",NA,NA,"",NA
"330",-53.92821568,-6.265635596,330,-53.92821568,-6.265635596,"2015-08-01","2016-07-31","deforestation2015",NA,"",NA,NA,"",NA
"331",-53.51647416,-6.429982305,331,-53.51647416,-6.429982305,"2015-08-01","2016-07-31","deforestation2015",NA,"",NA,NA,"",NA
"332",-53.65456358,-6.408958387,332,-53.65456358,-6.408958387,"2015-08-01","2016-07-31","deforestation2015",539,"ALERTA",1086,1340861.88848181,"2014-07-20",201
"333",-53.28997776,-6.305696687,333,-53.28997776,-6.305696687,"2015-08-01","2016-07-31","deforestation2015",74,"ALERTA",1184,275041.731569067,"2014-11-11",315
"334",-53.93265563,-6.292115007,334,-53.93265563,-6.292115007,"2015-08-01","2016-07-31","deforestation2015",NA,"",NA,NA,"",NA
"335",-53.90808937,-6.309595547,335,-53.90808937,-6.309595547,"2015-08-01","2016-07-31","deforestation2015",NA,"",NA,NA,"",NA
"336",-53.64110175,-6.375151875,336,-53.64110175,-6.375151875,"2015-08-01","2016-07-31","deforestation2015",507,"ALERTA",1143,488695.364024195,"2014-09-15",258
"337",-53.65243708,-6.419774781,337,-53.65243708,-6.419774781,"2015-08-01","2016-07-31","deforestation2015",541,"ALERTA",1086,941795.392893881,"2014-07-20",201
